Symbol,Profit,DY,PS,PE,PB,DE,FCF
AAPL,86.8,0.59,7.049,28.14,36.97,1.895,19.0
MSFT,61.27,0.76,13.4,36.79,15.67,0.4095,16.26
AMZN,29.44,0.0,3.9,58.75,14.87,0.438,1.573
FB,38.96,0.0,9.859,26.5,7.296,0.0,8.635
GOOGL,62.93,0.0,8.638,30.21,7.823,0.0603,16.39
GOOG,62.93,0.0,8.68,30.36,7.861,0.0603,16.39
TSLA,2.15,0.0,19.97,386.07,29.94,0.3209,609.0
NVDA,7.079,0.08,24.47,75.53,25.05,0.5648,2.499
BRK.B,105.78,0.0,1.737,6.055,1.312,0.2449,7.109
JPM,47.83,2.35,3.88,10.2,1.803,1.675,13.53
JNJ,17.77,2.51,4.937,24.79,6.237,0.4812,4.501
UNH,14.51,1.3,1.479,27.53,5.694,0.6986,4.978
V,10.86,0.58,21.97,44.46,13.5,0.5513,4.235
PG,14.31,2.31,4.916,26.21,7.677,0.6897,3.407
HD,15.24,1.93,2.49,23.56,170.91,17.48,3.119
PYPL,4.869,0.0,13.46,65.83,15.17,0.4279,1.059
DIS,1.126,0.0,5.159,294.97,3.769,0.6437,522.0
ADBE,5.582,0.0,21.74,56.13,22.28,0.2974,1.893
BAC,27.62,1.92,3.971,13.06,1.296,1.069,9.311
MA,7.192,0.51,20.37,47.1,51.95,2.158,2.075
CMCSA,12.47,1.7,2.408,21.05,2.727,1.038,4.791
PFE,13.23,3.51,4.835,18.94,3.532,0.5387,10.76
NFLX,4.392,0.0,9.541,59.91,18.46,1.127,174.04
CRM,2.352,0.0,10.4,104.29,4.579,0.2148,173.0
CSCO,10.59,2.62,4.733,22.26,5.687,0.2792,4.342
XOM,13.33,6.5,1.065,0.0,1.429,0.3822,6.903
VZ,19.99,4.62,1.693,11.24,3.051,2.062,6.027
ABT,6.376,1.36,5.61,35.5,6.611,0.5474,1.715
TMO,8.596,0.17,6.223,27.74,6.388,0.5095,1.687
KO,8.079,3.08,6.454,29.03,10.53,1.888,3.655
INTC,18.56,2.58,2.827,11.81,2.531,0.4156,4.878
PEP,8.208,2.71,2.88,26.14,13.98,2.765,2.225
ACN,5.778,1.06,4.493,37.28,10.93,0.0037,2.243
DHR,5.611,0.24,8.912,43.44,5.898,0.4777,1.815
NKE,5.727,0.71,5.588,43.45,19.18,0.0002,1.838
LLY,6.071,1.42,7.895,35.25,34.34,2.563,1.244
WMT,10.05,1.52,0.7194,40.5,4.979,0.5199,6.76
COST,4.726,0.66,1.083,42.73,12.2,0.4603,2.305
AVGO,6.071,2.86,7.93,36.48,8.316,1.658,3.426
ABBV,6.663,4.75,3.533,28.8,15.02,6.535,4.695
T,1.947,7.65,1.11,0.0,1.197,1.097,6.951
MRK,5.571,3.61,3.768,32.89,5.476,0.7966,1.556
CVX,3.587,5.57,1.546,50.48,1.371,0.323,5.157
WFC,15.81,1.09,2.535,13.13,1.104,1.002,8.062
MDT,3.882,1.84,5.523,45.01,3.365,0.5031,914.0
MCD,6.896,2.14,8.317,26.2,0.0,6.099,1.251
TXN,6.725,2.11,10.72,26.91,15.97,0.5605,1.735
NEE,3.146,1.82,9.661,51.81,4.382,1.444,338.0
PM,8.873,4.75,5.241,17.77,0.0,2.624,3.502
LIN,3.291,1.36,5.542,48.82,3.431,0.3384,1.083
QCOM,9.204,2.02,4.654,16.49,18.2,1.925,2.867
ORCL,13.95,1.28,6.33,18.54,0.0,53.68,4.329
HON,4.974,1.73,4.472,30.49,8.272,1.19,1.093
MS,13.73,1.78,3.307,13.07,1.807,2.318,4.101
INTU,2.062,0.42,15.83,74.52,15.45,0.2061,518.0
C,21.34,3.06,1.946,6.71,0.7348,1.464,576.0
BMY,5.079,3.17,3.089,0.0,3.655,1.227,2.85
LOW,7.009,1.25,1.598,21.38,0.0,138.92,2.036
UNP,5.882,2.08,6.407,22.4,8.965,2.014,1.607
UPS,6.078,2.16,1.786,26.93,15.22,2.091,3.087
GS,20.2,1.53,2.389,6.856,1.363,3.222,19.11
SBUX,2.828,1.6,4.919,47.17,0.0,2.15,1.411
AMT,2.221,1.66,15.27,59.09,23.18,6.184,674.0
BLK,5.489,1.9,7.207,23.72,3.565,0.1801,1.696
AMD,3.436,0.0,9.37,36.55,17.57,0.0443,888.0
NOW,170.51,0.0,25.56,779.13,39.59,0.4831,209.0
AMGN,5.746,3.18,4.946,22.01,14.9,3.975,1.746
RTX,2.184,2.37,2.011,57.63,1.759,0.4427,919.0
ISRG,1.623,0.0,23.99,76.41,11.22,0.0,467.0
IBM,5.332,4.89,1.619,22.56,5.466,2.515,1.861
AMAT,5.307,0.68,5.756,23.47,10.1,0.452,1.549
TGT,6.308,1.21,1.217,19.32,7.968,0.86,1.485
BA,8.843,0.0,1.957,0.0,0.0,3.81,705.0
MRNA,3.495,0.0,25.18,53.35,25.76,0.0,4.033
DE,5.439,0.99,2.508,19.41,6.603,3.045,1.91
GE,2.441,0.33,1.378,0.0,3.16,1.897,226.0
CAT,4.391,2.24,2.246,23.5,6.092,2.233,1.522
CVS,7.203,2.38,0.3992,15.45,1.517,0.8104,5.361
CHTR,3.887,0.0,3.064,38.78,7.131,4.548,2.068
MMM,5.95,3.32,3.004,17.53,7.139,1.263,1.493
SCHW,4.582,1.05,7.468,28.81,2.715,0.3866,833.0
SPGI,2.462,0.67,13.76,43.83,85.0,3.251,916.0
AXP,7.026,1.06,3.564,18.91,5.06,1.536,2.895
PLD,1.552,1.9,22.12,62.8,2.999,0.529,649.21
ZTS,1.909,0.47,12.99,50.49,21.95,1.654,368.0
MO,4.545,7.22,4.212,19.66,27.27,8.671,388.0
BKNG,414.0,0.0,13.39,232.84,20.0,2.532,1.093
ANTM,4.231,1.14,0.7548,22.36,2.654,0.6646,1.398
GILD,5.162,3.93,3.402,17.46,4.556,1.532,850.0
SYK,2.083,0.91,6.337,49.45,7.366,0.9219,772.0
ADP,2.598,1.89,5.625,32.48,14.71,0.5306,532.4
LMT,7.142,3.09,1.411,13.2,14.29,1.866,950.0
ADI,1.701,1.57,9.78,37.38,5.129,0.4199,543.7
MDLZ,4.314,2.08,3.108,20.05,3.072,0.6904,683.0
TJX,2.512,1.12,1.984,33.86,13.09,0.5234,1.16
LRCX,3.908,0.89,5.823,21.75,13.8,0.822,1.331
CCI,1.063,2.82,13.51,77.08,9.367,2.305,480.0
MU,4.129,0.0,3.229,19.91,1.925,0.1448,1.301
CB,8.177,1.8,2.042,9.722,1.285,0.249,3.122
DUK,2.998,3.89,3.084,26.09,1.661,1.365,636.0
PNC,10.42,2.55,4.554,14.0,1.436,0.6373,1.415
MMC,2.493,1.24,4.313,31.94,7.781,1.066,1.076
EL,2.87,0.68,7.118,40.24,18.7,0.9194,603.0
TMUS,3.914,0.0,1.99,40.4,2.331,1.116,501.0
FIS,92.0,1.25,5.763,869.36,1.554,0.4012,713.0
EQIX,342.38,1.31,12.16,225.21,7.233,1.097,93.04
USB,7.361,2.98,3.7,12.06,1.774,0.9384,5.583
COP,1.851,2.94,2.405,50.47,1.771,0.4519,2.986
TFC,5.601,3.42,3.251,13.96,1.157,0.6052,3.26
EW,1.462,0.0,15.35,51.22,14.49,0.116,456.8
CI,8.151,1.48,0.4286,8.962,1.416,0.6803,554.0
CSX,3.375,1.24,6.018,20.03,4.977,1.218,719.0
BDX,1.955,1.27,3.844,40.96,3.105,0.7347,708.0
SHW,2.171,0.72,4.031,36.54,26.99,3.187,918.5
COF,11.83,0.96,2.509,6.258,1.083,0.5493,3.895
CME,1.92,1.9,14.54,34.94,2.509,0.1287,460.1
REGN,6.205,0.0,5.895,11.72,4.616,0.1308,478.2
SO,3.161,4.05,3.137,21.71,2.413,1.827,44.0
FISV,1.137,0.0,4.691,63.46,2.221,0.6315,801.0
ILMN,768.0,0.0,16.34,84.19,13.28,0.3241,209.0
ICE,2.814,1.1,7.54,23.45,3.132,0.6856,749.0
ETN,1.885,1.95,3.244,32.94,3.997,0.7854,484.0
HCA,4.967,0.56,1.579,17.78,0.0,54.93,1.409
CL,2.729,2.32,3.844,24.06,139.54,17.17,497.0
ITW,2.67,2.13,4.85,25.41,19.12,2.173,477.0
AON,2.091,0.67,5.687,31.91,14.71,1.633,743.0
FDX,5.231,1.12,0.7935,12.82,2.746,0.8422,1.061
BSX,582.0,0.0,5.596,132.73,3.912,0.5708,537.0
NSC,2.732,1.68,5.763,22.15,4.126,0.9581,720.0
D,2.331,3.37,4.338,26.78,2.5,1.496,488.0
EMR,2.356,2.15,3.166,24.01,6.04,0.7871,977.0
ADSK,1.315,0.0,15.65,48.16,47.12,1.234,179.4
ATVI,2.608,0.63,6.474,22.16,3.535,0.2214,374.0
GM,12.75,0.0,0.5127,5.693,1.382,2.146,737.0
MCO,2.094,0.65,12.07,33.41,31.59,2.907,564.0
WM,1.6,1.48,3.94,40.67,8.781,1.801,647.0
APD,1.976,2.2,5.855,29.02,4.365,0.586,308.6
IDXX,727.85,0.0,18.95,79.28,75.7,1.211,211.37
NXPI,1.037,1.0,5.887,56.02,7.325,1.289,451.0
ECL,1.051,0.88,5.202,59.99,9.321,1.002,359.5
PGR,5.485,5.31,1.186,9.932,2.97,0.289,2.276
NOC,4.548,1.74,1.52,12.51,4.967,1.143,798.0
A,990.0,0.44,8.641,53.76,10.53,0.5778,279.0
JCI,1.809,1.47,2.256,28.86,2.88,0.436,772.0
HUM,2.482,0.65,0.6618,21.43,3.511,0.4991,31.0
MSCI,700.82,0.53,29.16,76.7,0.0,10.78,214.01
CMG,586.28,0.0,7.891,92.08,24.46,0.0,131.38
DG,2.532,0.71,1.589,21.11,8.377,0.6773,373.82
FCX,2.838,0.5,2.351,15.8,3.688,0.8072,1.962
ALGN,698.45,0.0,16.46,81.87,16.81,0.0,193.27
DXCM,530.6,0.0,25.69,103.81,27.15,0.8564,39.6
KLAC,2.078,1.06,7.97,26.5,16.05,1.019,410.25
VRTX,1.992,0.0,7.308,24.58,5.257,0.0,249.6
TWTR,384.43,0.0,11.65,132.11,6.421,0.6742,102.77
SNPS,753.52,0.0,12.39,66.97,9.517,0.0208,398.62
ROP,1.066,0.47,8.216,46.19,4.409,0.7847,409.3
F,3.42,0.0,0.3733,14.95,1.465,4.238,757.0
IQV,607.0,0.0,3.859,82.03,8.513,2.133,394.0
BIIB,1.918,0.0,3.921,23.99,4.144,0.6761,1.155
PSA,1.52,2.55,17.77,43.19,11.28,0.5713,567.2
TROW,2.992,2.03,6.594,16.05,5.855,0.0,744.3
TEL,1.697,1.42,3.194,27.18,4.509,0.4115,512.0
EBAY,12.88,0.96,4.558,3.901,3.653,0.6978,968.0
EXC,972.0,3.09,1.392,49.98,1.505,1.275,499.0
LHX,1.5,1.77,2.527,30.86,2.232,0.3562,656.0
TT,1.345,1.27,3.268,32.8,6.674,0.7689,456.9
KMB,1.999,3.34,2.416,22.93,86.5,17.34,364.0
AIG,4.21,2.4,1.034,11.19,0.6945,0.5406,2.17
CARR,2.496,0.84,2.367,18.64,6.75,1.44,482.0
DLR,564.73,2.91,10.33,88.37,2.672,0.7978,522.05
NEM,2.872,3.71,3.554,15.46,1.898,0.2358,580.0
GPN,863.89,0.53,5.917,54.48,1.739,0.403,376.82
DOW,4.107,5.05,0.8974,10.18,2.653,1.011,1.563
GD,3.281,2.39,1.421,16.7,3.498,0.9338,943.0
CDNS,678.44,0.0,15.7,66.75,17.84,0.138,366.2
APH,1.403,0.98,4.702,32.8,7.741,0.9162,282.8
MET,4.629,3.22,0.7841,11.72,0.7241,0.2613,2.254
INFO,622.3,0.63,10.88,78.02,5.442,0.5582,301.4
AEP,2.337,3.55,2.637,17.88,1.953,1.695,138.1
SPG,1.484,5.18,8.96,28.66,13.52,8.117,888.13
BK,3.636,2.58,2.841,12.72,1.043,0.6549,2.584
RMD,474.5,0.55,13.28,89.65,14.66,0.2271,195.65
MCHP,478.6,1.02,7.65,92.65,7.819,1.545,543.6
FTNT,514.8,0.0,17.13,96.8,46.66,0.9403,394.7
SRE,2.2,3.26,3.34,19.15,1.752,0.9761,490.0
ROST,1.34,0.75,2.359,30.4,10.43,0.6443,475.08
EA,676.0,0.0,6.518,55.14,4.711,0.2429,187.0
MSI,1.154,1.21,5.154,35.26,0.0,15.91,326.0
PRU,7.292,4.66,0.6075,5.397,0.5984,0.3309,4.359
CTSH,1.681,1.25,2.304,23.84,3.539,0.061,466.0
APTV,1.056,0.0,2.485,39.01,4.641,0.4863,169.0
BAX,1.12,1.28,3.466,37.57,4.843,0.726,319.0
ORLY,2.007,0.0,3.478,21.78,192.23,17.57,694.43
TRV,3.804,2.27,1.15,10.25,1.304,0.25,1.849
ALL,4.021,2.3,0.8196,10.23,1.469,0.2835,1.392
SBAC,269.27,0.62,18.58,149.31,0.0,2.466,321.94
SLB,1.022,1.86,1.744,37.36,2.942,1.232,972.0
SYY,524.21,2.38,0.7669,75.84,25.26,7.137,204.55
EOG,1.879,2.18,3.059,22.41,2.018,0.2454,536.0
DD,6.015,1.78,2.376,6.737,1.31,0.3954,224.0
YUM,1.332,1.57,6.125,28.85,0.0,1.35,410.0
PH,1.746,1.36,2.572,21.16,4.329,0.7841,619.7
ROK,1.542,1.43,5.191,22.77,15.33,0.882,437.0
XLNX,759.01,0.99,11.45,49.75,12.08,0.4786,372.71
XEL,1.564,2.83,2.672,21.74,2.319,1.571,318.0
DFS,4.861,1.5,3.124,7.782,3.007,1.469,1.492
IFF,136.12,2.31,2.839,109.43,1.562,0.5501,268.0
PPG,1.523,1.52,2.218,22.83,5.539,1.147,542.0
CNC,720.0,0.0,0.3168,52.33,1.437,0.6479,1.435
OTIS,1.151,1.06,2.597,31.19,0.0,1.504,493.0
WBA,2.288,3.88,0.2779,18.35,1.896,0.7101,1.445
MPC,7.669,4.04,0.4262,4.968,1.267,0.9792,1.078
WELL,587.12,2.8,8.436,62.7,2.313,0.8456,330.39
MTD,712.49,0.0,10.52,51.28,185.04,8.646,222.78
PAYX,1.098,2.36,9.682,35.68,13.27,0.273,362.0
MNST,1.538,0.0,9.644,32.37,8.319,0.0,401.3
MAR,347.0,0.0,4.72,134.61,58.38,12.8,59.0
STZ,1.268,1.43,4.876,33.01,3.299,0.8518,602.1
KR,1.161,1.86,0.2314,27.05,3.238,1.529,368.0
HPQ,4.072,2.88,0.5531,8.37,0.0,1.804,935.0
AFL,5.806,2.46,1.569,6.233,1.027,0.2365,962.0
GIS,2.34,3.54,1.966,15.25,3.685,1.332,590.9
FRC,1.297,0.44,7.702,27.61,3.047,0.8117,107.85
CTAS,1.111,1.51,5.986,38.62,11.15,0.6893,412.86
PXD,260.0,2.51,2.609,110.06,1.601,0.3059,737.0
CMI,2.205,2.51,1.404,14.72,4.002,0.4997,480.0
HLT,281.0,0.0,8.945,0.0,0.0,6.029,143.0
NUE,3.042,1.72,1.09,9.319,2.249,0.4397,963.91
WST,519.2,0.15,13.55,65.81,16.38,0.125,87.5
AWK,749.0,1.28,8.471,43.65,4.89,1.644,94.0
EFX,728.3,0.6,6.948,44.98,9.202,1.122,285.2
ADM,2.313,2.45,0.4511,14.62,1.554,0.4504,2.456
SIVB,1.891,0.0,6.102,16.73,3.576,0.1601,453.93
TDG,553.0,0.0,7.512,74.98,0.0,6.377,232.0
VRSK,684.6,0.56,11.61,49.05,11.96,1.118,170.7
KEYS,829.0,0.0,6.687,39.38,8.549,0.4776,217.0
CTVA,1.219,1.28,2.074,25.16,1.193,0.07,1.175
AZO,2.125,0.0,2.69,18.07,0.0,2.987,1.055
CBRE,1.207,0.0,1.281,26.49,4.124,0.3859,374.22
MCK,4.497,0.86,0.1319,0.0,0.0,13.57,1.781
PEG,1.477,3.26,3.293,21.24,1.975,1.08,670.0
AVB,1.079,2.86,13.92,28.84,2.85,0.6907,209.0
FAST,867.9,2.08,5.316,34.79,10.48,0.1406,136.9
STT,2.374,2.54,2.758,13.05,1.214,0.5431,7.79
BLL,870.0,0.7,2.418,35.49,8.314,2.127,251.0
KMI,1.714,6.77,2.475,20.99,1.162,1.076,1.16
ANSS,457.37,0.0,17.44,68.69,7.347,0.1772,113.09
AMP,1.065,1.71,2.4,28.83,5.069,0.9756,1.898
ES,1.249,2.15,3.035,23.14,2.017,1.34,338.21
DHI,3.666,0.91,1.235,8.781,2.272,0.32,104.9
ZBRA,762.0,0.0,5.694,38.59,11.26,0.3828,300.0
AME,876.52,0.61,5.986,33.71,4.632,0.467,263.57
SWK,1.809,1.6,1.717,16.21,2.84,0.3833,339.3
ZBH,916.2,0.67,3.814,32.98,2.388,0.6242,426.6
PSX,1.696,5.6,0.3487,0.0,1.55,0.8492,1.363
WEC,1.293,2.91,3.648,22.48,2.671,1.346,291.5
WMB,1.155,6.58,3.381,26.37,2.624,2.018,628.0
GLW,1.727,2.51,2.434,37.09,2.675,0.6169,447.0
SWKS,1.419,1.19,6.076,20.35,5.698,0.2973,156.4
CPRT,936.5,0.0,12.71,36.62,9.549,0.1127,130.08
LH,2.879,0.0,1.775,10.1,2.785,0.5295,390.0
AJG,891.1,1.28,3.859,33.21,3.683,0.7312,370.0
WLTW,1.514,1.53,3.069,19.58,2.519,0.4374,439.0
LEN,3.382,1.03,1.221,8.955,1.541,0.3486,317.5
EQR,718.07,2.96,12.92,42.56,2.928,0.7908,191.86
LUV,1.601,0.0,3.014,0.0,3.019,1.172,1.91
PCAR,1.754,1.66,1.244,15.74,2.463,0.945,104.8
ARE,915.74,2.21,13.4,30.13,2.116,0.623,239.76
ODFL,860.64,0.25,7.574,40.29,10.05,0.0294,42.83
CDW,938.2,0.85,1.369,28.7,24.61,4.059,17.5
GNRC,519.72,0.0,8.46,51.81,16.06,0.5086,95.7
ALB,703.21,0.72,7.439,35.0,4.096,0.3316,10.67
WY,2.284,1.92,2.71,11.64,2.559,0.5048,1.236
FITB,2.588,2.82,3.781,11.18,1.273,0.5393,400.0
ETSY,482.32,0.0,14.57,63.52,52.41,4.283,116.45
O,361.25,4.16,14.17,68.42,2.228,0.7813,314.68
KSU,130.0,0.76,8.883,205.3,6.515,0.9977,118.3
IT,571.91,0.0,6.296,47.76,49.14,4.668,563.39
VLO,1.365,6.21,0.3172,0.0,1.462,0.8317,1.653
RSG,1.122,1.36,3.775,35.49,4.517,1.022,544.2
ED,1.12,4.2,1.937,22.3,1.317,1.219,102.0
GRMN,1.184,1.53,6.611,27.18,5.748,0.0,119.62
SYF,3.318,1.85,1.841,8.46,2.008,0.9479,1.441
HSY,1.436,1.92,4.151,25.13,15.73,1.868,294.88
DAL,6.659,0.0,1.414,0.0,20.29,22.68,1.105
WAT,660.5,0.0,9.185,37.15,89.9,5.977,98.65
BBY,2.536,2.49,0.5283,10.86,6.04,0.3153,597.0
EXR,641.64,2.29,17.07,37.31,8.157,1.81,258.43
URI,1.001,0.0,2.716,23.9,4.681,1.994,229.0
FTV,1.732,0.39,6.568,15.15,2.79,0.2799,270.8
DOV,879.68,1.23,3.158,26.66,6.252,0.829,218.1
VIAC,3.372,2.47,0.9364,7.331,1.252,0.8817,8.0
LYB,4.091,4.87,0.8472,7.351,2.849,1.347,1.471
XYL,385.0,0.84,4.567,61.79,7.764,1.009,191.0
PAYC,168.74,0.0,31.05,171.38,37.7,0.0379,19.58
NTRS,1.279,2.67,4.087,17.9,1.999,0.8136,1.339
HIG,2.15,2.01,1.176,11.57,1.326,0.2387,814.0
VFC,1.018,2.92,2.543,25.88,8.037,1.752,33.22
VMC,670.26,0.86,4.595,33.72,3.569,0.4426,137.03
ENPH,183.4,0.0,21.11,121.37,35.79,1.735,49.23
CTLT,585.0,0.0,5.809,44.22,5.961,0.7583,54.6
OKE,1.349,7.03,2.096,17.5,4.011,2.398,397.28
IP,1.138,3.7,1.029,19.23,2.592,1.617,633.0
TRMB,518.4,0.0,6.542,43.44,5.837,0.3599,189.8
DTE,1.327,3.58,1.63,16.64,1.784,1.857,346.0
MLM,768.5,0.68,4.406,27.91,3.493,0.4681,146.6
PPL,1.25,5.79,3.345,0.0,1.476,0.8892,360.0
KHC,2.165,4.44,1.684,20.37,0.8821,0.5031,1.015
TSN,2.346,2.36,0.6024,11.56,1.729,0.0,1.005
CERN,703.14,1.14,4.052,32.3,5.429,0.456,154.16
NDAQ,1.128,1.07,5.402,28.45,4.822,0.856,34.0
ETR,1.256,3.48,2.01,17.78,2.018,2.322,597.64
AEE,922.0,2.6,3.521,22.92,2.294,1.383,408.0
HBAN,1.136,4.2,2.943,14.72,1.194,0.3646,1.022
TSCO,877.88,0.95,2.041,27.55,11.95,0.3966,516.5
MAA,406.92,2.14,13.19,53.97,3.675,0.7665,115.17
EIX,961.0,4.53,1.563,26.97,1.553,1.695,2.681
CRL,396.08,0.0,6.849,56.53,9.535,1.165,140.16
OXY,4.73,0.16,1.22,0.0,2.799,1.952,2.597
COO,2.916,0.01,7.505,7.321,3.122,0.2388,180.2
VRSN,626.42,0.0,18.95,39.06,0.0,1.259,124.96
MKC,752.3,1.55,3.849,30.88,5.314,1.262,196.7
ESS,402.7,2.54,14.84,52.95,3.58,1.03,200.48
FLT,779.15,0.0,8.74,27.81,5.978,1.456,252.35
FE,1.089,4.23,1.84,18.27,2.703,3.265,192.0
CZR,1.832,0.0,2.925,0.0,4.417,2.708,151.0
DLTR,1.49,0.0,0.7913,13.7,2.79,0.4606,49.0
TDY,375.4,0.0,4.721,43.19,2.662,0.6485,190.5
STE,287.4,0.77,5.448,63.71,3.229,0.5515,41.03
VTR,152.38,3.15,5.887,143.02,2.202,1.19,174.52
PKI,1.182,0.15,4.282,17.59,4.889,0.555,267.5
CLX,710.0,2.74,2.837,29.62,49.04,6.774,284.0
MPWR,199.04,0.45,22.51,117.63,20.82,0.0,57.65
QRVO,922.32,0.0,4.559,21.37,4.102,0.3758,276.32
EXPD,993.52,0.91,1.652,20.96,6.696,0.0,23.93
ULTA,727.47,0.0,2.713,28.46,10.71,0.0,48.6
HOLX,2.038,0.0,3.543,9.851,5.024,0.8035,627.7
CHD,805.4,1.18,4.209,26.48,6.141,0.5765,227.1
KMX,1.179,0.0,0.9744,19.35,4.767,3.331,171.03
EXPE,1.325,0.0,3.867,0.0,21.29,5.277,2.331
DGX,2.247,1.52,1.878,9.256,3.215,0.6798,376.0
TER,952.88,0.34,6.339,22.93,7.688,0.1421,171.58
DPZ,485.41,0.72,4.495,40.21,0.0,1.227,125.96
IR,324.6,0.0,4.057,69.28,2.3,0.4165,131.1
DRE,495.82,2.07,17.13,37.42,3.444,0.6845,161.81
POOL,536.62,0.6,3.888,34.93,21.07,0.4837,101.62
NTAP,855.0,2.19,3.412,23.62,27.51,3.657,191.0
HPE,1.031,3.66,0.6254,17.01,1.007,0.9533,446.0
ANET,728.59,0.0,10.68,38.52,7.328,0.0,252.81
TECH,140.41,0.24,23.06,152.8,13.26,0.2184,110.7
BR,547.5,1.44,3.866,35.31,10.52,2.149,421.1
TYL,155.88,0.0,15.27,124.37,8.964,0.735,33.48
PEAK,505.04,3.64,13.44,37.53,2.732,0.7318,236.87
AMCR,939.0,4.01,1.418,19.47,3.784,1.32,711.0
DRI,629.3,1.79,2.706,30.98,6.847,0.3306,364.1
KEY,2.361,3.71,2.773,8.599,1.189,0.7767,433.0
HES,161.0,1.49,3.456,0.0,3.792,1.498,430.0
RF,2.578,3.32,2.872,7.561,1.1,0.1572,683.0
CCL,9.125,0.0,163.4,0.0,1.501,1.722,1.742
GWW,871.0,1.56,1.748,24.77,11.24,1.271,195.0
CMS,901.0,2.76,2.545,19.81,3.098,2.125,62.0
TFX,350.83,0.36,6.717,51.41,5.143,0.6659,136.77
AVY,735.3,1.23,2.253,24.1,10.27,1.206,204.8
WDC,821.0,0.0,1.025,21.6,1.618,0.8138,668.0
TTWO,652.64,0.0,5.103,26.25,4.742,0.0,61.81
CFG,2.029,3.73,2.648,9.345,0.842,0.3026,558.0
AKAM,584.18,0.0,5.359,30.65,3.913,0.4336,223.56
ABC,3.744,1.44,0.1238,0.0,669.85,187.1,1.086
CINF,2.856,2.18,1.961,6.484,1.55,0.0765,559.0
VTRS,2.047,1.64,0.8146,0.0,0.7652,1.151,456.5
MKTX,288.45,0.61,22.99,56.28,15.84,0.0,82.79
HAL,145.0,0.92,1.292,121.69,3.199,1.778,218.0
RCL,5.193,0.0,208.08,0.0,2.681,2.67,684.86
MTB,1.749,3.31,2.87,10.2,1.104,0.2148,523.53
STX,1.314,4.04,1.877,15.05,29.31,8.144,354.0
BIO,4.045,0.0,8.196,5.832,2.009,0.0011,131.24
J,515.88,0.64,1.192,36.43,2.701,0.5073,152.72
GPC,812.94,2.67,0.9865,21.59,5.364,0.7796,361.89
CE,2.52,1.83,2.393,6.64,4.242,0.9626,317.0
NVR,1.132,0.0,2.256,17.26,5.82,0.4986,189.25
BBWI,1.842,0.46,1.305,10.03,0.0,4.994,211.0
DVN,275.0,1.56,2.246,156.78,2.275,0.7741,584.0
MGM,1.209,0.02,3.126,0.0,3.222,2.035,351.55
RJF,1.183,1.19,2.009,15.34,2.254,0.3683,1.371
BKR,38.0,3.14,0.823,0.0,1.369,0.4875,335.0
IEX,419.82,0.97,6.476,38.93,6.1,0.4452,120.29
PFG,1.588,3.84,1.228,10.69,1.016,0.2687,969.9
ABMD,154.41,0.0,16.92,103.3,12.05,0.0,48.19
TXT,705.0,0.12,1.24,21.94,2.482,0.6283,516.0
UDR,16.1,2.69,13.01,1076.2,5.831,1.958,164.76
AES,135.0,2.47,1.564,0.0,7.23,6.128,216.0
BXP,315.09,3.57,6.141,56.82,2.979,2.18,408.41
WAB,453.2,0.56,2.104,36.07,1.576,0.3964,194.2
CAG,1.299,3.43,1.446,12.45,1.861,1.053,288.4
K,1.301,3.66,1.543,16.62,6.37,2.26,324.0
OMC,1.347,3.84,1.109,11.5,4.58,1.586,154.7
NLOK,617.0,1.99,5.677,23.88,0.0,7.767,257.0
PWR,539.76,0.2,1.421,30.61,3.541,0.3042,113.73
MAS,522.0,1.33,1.823,28.4,0.0,19.22,305.0
EVRG,792.4,3.35,2.67,18.42,1.631,1.225,170.2
CAH,611.0,3.79,0.093,24.82,8.331,3.482,539.0
LNT,635.0,2.74,4.205,23.31,2.496,1.256,62.0
EMN,321.0,2.79,1.442,42.45,2.259,0.9334,313.0
JBHT,598.27,0.68,1.677,30.11,6.336,0.4657,106.14
CNP,935.0,2.51,1.829,18.86,2.085,1.82,539.0
UAL,5.529,0.0,0.9379,0.0,2.941,6.971,1.814
IPG,747.0,2.95,1.515,19.22,4.643,1.132,434.4
PKG,636.5,2.88,1.851,20.79,3.831,0.72,96.8
LVS,1.334,0.0,6.817,0.0,11.22,5.801,74.0
INCY,337.64,0.0,6.197,50.29,5.75,0.0,106.64
PHM,1.662,1.19,1.023,7.586,1.751,0.3448,238.52
LKQ,945.03,0.0,1.194,15.84,2.479,0.4171,364.5
IRM,606.69,5.59,2.984,21.09,11.17,7.726,165.19
WHR,1.908,2.57,0.6017,6.868,2.61,1.072,353.0
PTC,237.39,0.0,8.318,60.57,8.244,0.8574,84.06
FANG,1.321,2.05,3.026,0.0,1.316,0.674,587.0
WRK,641.4,1.82,0.7063,0.0,1.126,0.7574,548.4
FBHS,723.2,1.1,1.86,18.07,4.208,0.857,291.5
CBOE,439.9,1.41,3.865,30.39,3.831,0.3772,111.3
XRAY,368.3,0.68,3.234,35.69,2.583,0.4436,178.0
ALLE,466.9,1.04,4.284,26.62,15.47,1.824,144.1
SJM,793.2,3.05,1.696,17.01,1.604,0.5673,69.8
KIM,417.48,3.11,8.45,23.94,2.314,0.9138,145.3
LDOS,734.0,1.52,0.9855,17.82,3.139,1.249,4.0
AAP,624.1,1.22,1.268,22.03,3.923,0.3131,387.54
JKHY,311.47,1.07,7.271,41.03,9.48,0.0758,154.7
PNR,474.5,1.06,3.672,26.35,5.444,0.3155,368.7
BF.B,771.0,1.04,9.192,43.19,12.33,0.9322,170.0
ATO,682.18,2.78,3.474,16.91,1.514,0.9428,268.45
CTXS,363.13,1.32,4.384,38.16,46.78,11.86,120.45
AAL,5.808,0.0,0.6321,0.0,0.0,5.217,3.47
HAS,419.37,2.87,2.192,31.14,4.572,1.606,160.3
FMC,546.4,2.01,2.611,22.34,3.873,1.227,208.8
HWM,296.0,0.07,2.815,45.84,3.718,1.178,49.0
LYV,1.461,0.0,14.39,0.0,0.0,5.852,1.055
L,1.551,0.48,0.9295,9.1,0.7392,0.5038,313.0
SNA,789.2,2.36,2.561,14.53,2.813,0.3623,219.9
PENN,442.7,0.0,2.365,26.38,3.835,0.7979,266.5
LNC,1.408,2.64,0.6407,8.679,0.5438,0.3051,411.0
HRL,861.46,2.32,2.203,26.35,3.327,0.4898,22.71
UHS,1.084,0.41,1.032,11.65,1.89,0.5546,187.77
LUMN,942.0,7.82,0.687,0.0,1.207,2.663,993.0
FOXA,2.15,1.26,1.725,10.42,1.924,0.7148,622.0
CHRW,651.43,2.35,0.6184,18.1,6.004,0.7172,132.96
FFIV,298.19,0.0,4.861,41.21,5.476,0.1705,172.86
RHI,429.98,1.47,2.068,26.3,8.934,0.0001,159.04
MHK,1.026,0.0,1.184,12.47,1.428,0.3061,225.69
HST,589.0,0.0,7.652,0.0,1.879,0.8893,78.0
TPR,834.2,0.65,1.888,12.99,3.288,0.488,332.0
DISH,2.539,0.0,1.423,10.12,1.548,1.132,746.0
MOS,1.416,0.78,1.24,8.686,1.181,0.4317,717.9
NRG,1.072,3.05,0.5631,9.531,4.026,3.456,1.219
HSIC,606.04,0.0,0.9186,17.99,3.178,0.2346,140.43
REG,227.32,3.5,10.87,51.2,1.935,0.6117,185.92
WYNN,1.44,0.0,3.173,0.0,90.21,116.02,49.92
WRB,930.59,0.69,1.532,14.45,1.942,0.4437,347.42
BWA,781.0,1.65,0.6659,12.36,1.484,0.6559,133.0
RE,1.329,2.45,0.9398,7.638,0.9689,0.1834,723.6
AIZ,475.4,1.66,1.008,20.92,1.584,0.4317,902.1
CMA,1.104,3.81,3.767,9.298,1.269,0.3599,173.0
AOS,441.3,1.63,3.225,23.52,5.607,0.0586,78.0
CF,456.0,2.48,2.275,22.95,3.209,1.144,18.0
NI,267.3,3.62,2.055,46.27,1.965,1.418,176.4
NWL,717.0,3.87,0.9768,14.17,2.54,1.379,41.0
JNPR,207.1,2.91,1.981,45.13,2.062,0.3885,235.8
IVZ,1.276,2.75,1.688,10.56,1.001,0.5926,480.8
LW,317.8,1.53,2.457,28.38,18.51,5.696,123.3
SEE,494.4,1.29,1.676,17.51,89.28,39.47,66.4
ZION,1.135,2.53,3.128,8.337,1.183,0.1623,232.0
DVA,863.67,0.0,1.214,16.09,9.904,7.03,530.21
NCLH,3.504,0.0,336.43,0.0,2.494,3.303,803.18
MRO,542.0,1.32,2.238,0.0,0.8429,0.4615,381.0
DXC,334.0,0.0,0.5085,27.37,1.711,0.8125,249.0
GL,771.32,0.89,1.836,11.82,1.02,0.2607,322.01
OGN,2.071,0.0,1.303,4.033,0.0,4.834,480.0
WU,810.0,4.6,1.664,10.32,28.92,10.47,125.3
TAP,554.3,0.76,0.9889,0.0,0.7521,0.6336,830.0
NWSA,330.0,0.9,1.413,39.8,1.604,0.2817,40.0
BEN,1.244,3.75,1.829,12.24,1.369,0.612,219.8
PNW,578.32,4.42,2.269,14.44,1.461,1.219,207.04
ROL,333.7,0.78,8.073,55.37,17.63,0.0838,94.32
CPB,1.002,3.45,1.521,12.87,4.067,1.588,69.0
FRT,160.88,3.6,10.27,59.57,3.936,1.676,1.808
PVH,293.9,0.0,0.882,26.0,1.489,0.5626,460.2
HII,748.0,2.4,0.8032,10.3,3.694,0.8171,22.0
DISCK,1.383,0.0,1.453,11.87,1.083,1.304,757.0
NLSN,691.0,1.25,1.394,10.03,2.29,1.949,141.0
APA,792.0,0.53,1.189,10.53,0.0,8.958,663.0
ALK,612.0,0.0,1.835,0.0,2.125,0.9591,765.0
PBCT,314.6,4.65,3.393,10.05,0.888,0.2028,191.4
COG,273.06,2.23,4.936,27.76,3.28,0.4549,27.62
HBI,363.47,3.24,0.9469,0.0,11.49,6.555,187.78
VNO,44.22,5.08,5.336,0.0,1.681,1.291,248.52
LEG,407.7,3.58,1.297,15.3,3.976,1.32,15.9
IPGP,222.87,0.0,6.422,39.53,3.229,0.0133,88.72
RL,171.3,0.62,1.549,49.0,2.982,0.6011,219.4
PRGO,349.2,2.18,1.303,0.0,1.052,0.6452,105.3
UNM,702.4,4.89,0.3626,6.892,0.4414,0.3144,679.5
FOX,2.15,1.36,1.6,9.66,1.785,0.7148,622.0
GPS,753.0,1.55,0.5374,11.93,2.912,0.7351,307.0
NOV,543.0,0.0,0.8943,0.0,0.9553,0.3301,128.0
DISCA,1.383,0.0,1.507,12.31,1.123,1.304,757.0
UAA,360.36,0.0,1.717,25.82,5.173,0.4357,233.16
UA,360.36,0.0,1.516,22.81,4.569,0.4357,233.16
NWS,330.0,0.92,1.383,38.95,1.569,0.2817,40.0
